{"cameraMode":{"drawMode":0,"name":"Shaded","section":"Shading Mode"},"sceneLighting":true,"audioPlay":false,"sceneViewState":{"m_AlwaysRefresh":false,"showFog":true,"showSkybox":false,"showFlares":true,"showImageEffects":true,"showParticleSystems":true,"showVisualEffectGraphs":true,"m_FxEnabled":false},"in2DMode":false,"pivot":{"x":-11.911808013916016,"y":-61.78751754760742,"z":262.845947265625},"rotation":{"x":-0.11404328048229218,"y":0.023140011355280877,"z":-0.0025713250506669285,"w":-0.993289053440094},"size":136.39002990722657,"orthographic":false}