{"cameraMode":{"drawMode":0,"name":"Shaded","section":"Shading Mode"},"sceneLighting":true,"audioPlay":false,"sceneViewState":{"showFog":true,"showMaterialUpdate":false,"showSkybox":true,"showFlares":true,"showImageEffects":true,"showParticleSystems":true},"in2DMode":false,"pivot":{"x":-25.820829391479493,"y":-4.216835975646973,"z":2.2927463054656984},"rotation":{"x":-0.12605176866054536,"y":0.6634036898612976,"z":-0.11477173119783402,"w":-0.7285976409912109},"size":23.922382354736329,"orthographic":false}